<?xml version="1.0" encoding="UTF-8"?>
<project-private xmlns="http://www.netbeans.org/ns/project-private/1">
    <editor-bookmarks xmlns="http://www.netbeans.org/ns/editor-bookmarks/2" lastBookmarkId="0"/>
    <open-files xmlns="http://www.netbeans.org/ns/projectui-open-files/2">
        <group>
            <file>file:/D:/proyectos%20sistemas%20distribuidos/java%20proyects/cosas%20rmi/rmiClient1/src/edu/lenin/RMIMSG.java</file>
            <file>file:/D:/proyectos%20sistemas%20distribuidos/java%20proyects/cosas%20rmi/rmiClient1/src/edu/lenin/Client.java</file>
            <file>file:/D:/proyectos%20sistemas%20distribuidos/java%20proyects/cosas%20rmi/rmiClient1/src/edu/lenin/RMIUSERS.java</file>
            <file>file:/D:/proyectos%20sistemas%20distribuidos/java%20proyects/cosas%20rmi/rmiClient1/src/edu/lenin/UI/GestionarNoticia.java</file>
            <file>file:/D:/proyectos%20sistemas%20distribuidos/java%20proyects/cosas%20rmi/rmiClient1/src/edu/lenin/UI/Noticias.java</file>
            <file>file:/D:/proyectos%20sistemas%20distribuidos/java%20proyects/cosas%20rmi/rmiClient1/src/edu/lenin/RMINEWS.java</file>
            <file>file:/D:/proyectos%20sistemas%20distribuidos/java%20proyects/cosas%20rmi/rmiClient1/src/edu/lenin/UI/LeerNoticia.java</file>
            <file>file:/D:/proyectos%20sistemas%20distribuidos/java%20proyects/cosas%20rmi/rmiClient1/src/edu/lenin/UI/Login.java</file>
            <file>file:/D:/proyectos%20sistemas%20distribuidos/java%20proyects/cosas%20rmi/rmiClient1/src/edu/lenin/UI/CrearNoticia.java</file>
        </group>
    </open-files>
</project-private>
