<?xml version="1.0" encoding="UTF-8"?>
<project-private xmlns="http://www.netbeans.org/ns/project-private/1">
    <editor-bookmarks xmlns="http://www.netbeans.org/ns/editor-bookmarks/2" lastBookmarkId="0"/>
    <open-files xmlns="http://www.netbeans.org/ns/projectui-open-files/2">
        <group>
            <file>file:/D:/proyectos%20sistemas%20distribuidos/java%20proyects/cosas%20rmi/rmiServer1/src/edu/lenin/modelo/User.java</file>
            <file>file:/D:/proyectos%20sistemas%20distribuidos/java%20proyects/cosas%20rmi/rmiServer1/src/edu/lenin/modelo/NewsCrud.java</file>
            <file>file:/D:/proyectos%20sistemas%20distribuidos/java%20proyects/cosas%20rmi/rmiServer1/src/edu/lenin/App.java</file>
            <file>file:/D:/proyectos%20sistemas%20distribuidos/java%20proyects/cosas%20rmi/rmiServer1/src/edu/lenin/NewsService.java</file>
            <file>file:/D:/proyectos%20sistemas%20distribuidos/java%20proyects/cosas%20rmi/rmiServer1/src/edu/lenin/RMINEWS.java</file>
            <file>file:/D:/proyectos%20sistemas%20distribuidos/java%20proyects/cosas%20rmi/rmiServer1/src/edu/lenin/controlador/Controlador.java</file>
            <file>file:/D:/proyectos%20sistemas%20distribuidos/java%20proyects/cosas%20rmi/rmiServer1/src/edu/lenin/UsersService.java</file>
            <file>file:/D:/proyectos%20sistemas%20distribuidos/java%20proyects/cosas%20rmi/rmiServer1/src/edu/lenin/Server.java</file>
            <file>file:/D:/proyectos%20sistemas%20distribuidos/java%20proyects/cosas%20rmi/rmiServer1/src/edu/lenin/modelo/UserCrud.java</file>
            <file>file:/D:/proyectos%20sistemas%20distribuidos/java%20proyects/cosas%20rmi/rmiServer1/src/edu/lenin/RMIUSERS.java</file>
            <file>file:/D:/proyectos%20sistemas%20distribuidos/java%20proyects/cosas%20rmi/rmiServer1/src/edu/lenin/modelo/Conexion.java</file>
            <file>file:/D:/proyectos%20sistemas%20distribuidos/java%20proyects/cosas%20rmi/rmiServer1/src/edu/lenin/modelo/News.java</file>
        </group>
    </open-files>
</project-private>
